"indicator","indicator_label","description","parameter","indicator_sort_order","indicator_id","format","scale"
"population","Population","Population size","population_out",1,1,,
"prevalence","HIV prevalence","Proportion of total population HIV positive","rho_out",2,2,,
"plhiv","PLHIV","Number of people living with HIV","plhiv_out",3,3,,
"art_coverage","ART coverage","Proportion of PLHIV on ART (residents)","alpha_out",4,4,,
"art_num_residents","ART number (residents)","Number on ART (residents)","artnum_out",5,5,,
"art_num_attend","ART number (attending)","Number receiving ART (attending)","artattend_out",6,6,,
"incidence","HIV incidence","HIV incidence rate per year","lambda_out",7,7,,
"infections","New infections","Number of new infections per year","infections_out",8,8,,
"anc_prevalence","ANC HIV prevalence","HIV prevalence among ANC attendees","anc_rho",9,9,,
"anc_art_coverage","ANC prior ART coverage","ART coverage among ANC attendees prior to first ANC","anc_alpha",10,10,,
