"area_level","area_level_label","area_id","area_name","parent_area_id","spectrum_region_code","area_sort_order","center_x","center_y"
0,"Country","ZAF","South Africa",,,1,26.1279070259549,-28.47936
1,"Province","ZAF_1_EC","Eastern Cape","ZAF",2,2,26.5907321509098,-32.107495
1,"Province","ZAF_1_WC","Western Cape","ZAF",1,3,22.2275120833643,-32.631345
1,"Province","ZAF_1_GT","Gauteng","ZAF",7,4,28.0115272507724,-26.01938
1,"Province","ZAF_1_KZN","KwaZulu-Natal","ZAF",5,5,30.4624688810033,-28.94297
1,"Province","ZAF_1_FS","Free State","ZAF",4,6,26.6277508393742,-28.681525
1,"Province","ZAF_1_LIM","Limpopo","ZAF",9,7,29.3415135773914,-23.77253
1,"Province","ZAF_1_MP","Mpumalanga","ZAF",8,8,30.1468399328251,-25.7452225
1,"Province","ZAF_1_NC","Northern Cape","ZAF",3,9,22.0210734873032,-28.855425
1,"Province","ZAF_1_NW","North West","ZAF",6,10,25.2372246397317,-26.37114
2,"District","ZAF_2_BUF","Buffalo City MM","ZAF_1_EC",2,11,27.6815074669748,-32.97925655
2,"District","ZAF_2_CPT","Cape Town MM","ZAF_1_WC",1,12,18.5827818539146,-33.914945
2,"District","ZAF_2_DC10","Sarah Baartman DM","ZAF_1_EC",2,13,24.6549527647483,-32.95064
2,"District","ZAF_2_DC12","Amathole DM","ZAF_1_EC",2,14,27.2369364223386,-32.64142
2,"District","ZAF_2_DC13","C Hani DM","ZAF_1_EC",2,15,26.5633570870743,-31.859585
2,"District","ZAF_2_DC14","Joe Gqabi DM","ZAF_1_EC",2,16,27.0798065337945,-30.899415
2,"District","ZAF_2_DC15","O Tambo DM","ZAF_1_EC",2,17,29.1493518033768,-31.41694
2,"District","ZAF_2_DC44","A Nzo DM","ZAF_1_EC",2,18,28.9414889665647,-30.64954
2,"District","ZAF_2_EKU","Ekurhuleni MM","ZAF_1_GT",7,19,28.320889833293,-26.1897206
2,"District","ZAF_2_ETH","eThekwini MM","ZAF_1_KZN",5,20,30.8382060771701,-29.8846099
2,"District","ZAF_2_DC16","Xhariep DM","ZAF_1_FS",4,21,25.5808375521472,-29.76259
2,"District","ZAF_2_DC18","Lejweleputswa DM","ZAF_1_FS",4,22,26.2418347509196,-28.092515
2,"District","ZAF_2_DC19","T Mofutsanyana DM","ZAF_1_FS",4,23,28.3782242682637,-28.287485
2,"District","ZAF_2_DC20","Fezile Dabi DM","ZAF_1_FS",4,24,27.7787840834636,-27.4726839
2,"District","ZAF_2_DC42","Sedibeng DM","ZAF_1_GT",7,25,28.1015890018008,-26.548795
2,"District","ZAF_2_DC48","West Rand DM","ZAF_1_GT",7,26,27.5120029907698,-26.21974
2,"District","ZAF_2_JHB","Johannesburg MM","ZAF_1_GT",7,27,27.919533374276,-26.214965
2,"District","ZAF_2_DC21","Ugu DM","ZAF_1_KZN",5,28,30.2639062392453,-30.583395
2,"District","ZAF_2_DC22","uMgungundlovu DM","ZAF_1_KZN",5,29,30.0570491538834,-29.5297385
2,"District","ZAF_2_DC23","Uthukela DM","ZAF_1_KZN",5,30,29.586448529431,-28.73519005
2,"District","ZAF_2_DC24","Umzinyathi DM","ZAF_1_KZN",5,31,30.5190278036146,-28.61272
2,"District","ZAF_2_DC25","Amajuba DM","ZAF_1_KZN",5,32,30.1665822154166,-27.7410751
2,"District","ZAF_2_DC26","Zululand DM","ZAF_1_KZN",5,33,31.2936413936703,-27.8973851
2,"District","ZAF_2_DC27","Umkhanyakude DM","ZAF_1_KZN",5,34,32.3308631130682,-27.6620915
2,"District","ZAF_2_DC28","King Cetshwayo DM","ZAF_1_KZN",5,35,31.5159524740224,-28.7626499
2,"District","ZAF_2_DC29","iLembe DM","ZAF_1_KZN",5,36,31.2340901901321,-29.240635
2,"District","ZAF_2_DC43","Harry Gwala DM","ZAF_1_KZN",5,37,29.7455762000591,-30.0840849
2,"District","ZAF_2_DC33","Mopani DM","ZAF_1_LIM",9,38,30.8150271674402,-23.82525
2,"District","ZAF_2_DC34","Vhembe DM","ZAF_1_LIM",9,39,30.3291338647516,-22.7895251
2,"District","ZAF_2_DC35","Capricorn DM","ZAF_1_LIM",9,40,29.4756916131983,-23.542735
2,"District","ZAF_2_DC36","Waterberg DM","ZAF_1_LIM",9,41,28.0209130393034,-24.065935
2,"District","ZAF_2_DC47","Sekhukhune DM","ZAF_1_LIM",9,42,29.9359334742393,-24.828445
2,"District","ZAF_2_MAN","Mangaung MM","ZAF_1_FS",4,43,26.4637050201127,-29.38163
2,"District","ZAF_2_DC30","G Sibande DM","ZAF_1_MP",8,44,29.6418728067983,-26.60937
2,"District","ZAF_2_DC31","Nkangala DM","ZAF_1_MP",8,45,29.8386982613759,-25.642725
2,"District","ZAF_2_DC32","Ehlanzeni DM","ZAF_1_MP",8,46,31.1010236809063,-24.994375
2,"District","ZAF_2_DC6","Namakwa DM","ZAF_1_NC",3,47,19.9423215002714,-30.48904
2,"District","ZAF_2_DC7","Pixley ka Seme DM","ZAF_1_NC",3,48,23.0400753109154,-30.21183
2,"District","ZAF_2_DC8","ZF Mgcawu DM","ZAF_1_NC",3,49,21.335416888302,-27.397655
2,"District","ZAF_2_DC9","Frances Baard DM","ZAF_1_NC",3,50,24.3762160965313,-28.32936
2,"District","ZAF_2_DC45","J T Gaetsewe DM","ZAF_1_NC",3,51,22.9958942850951,-26.988215
2,"District","ZAF_2_NMA","N Mandela Bay MM","ZAF_1_EC",2,52,25.4749841725121,-33.801635
2,"District","ZAF_2_DC37","Bojanala Platinum DM","ZAF_1_NW",6,53,27.1951714978814,-25.431395
2,"District","ZAF_2_DC38","Ngaka Modiri Molema DM","ZAF_1_NW",6,54,25.7539428400212,-25.802205
2,"District","ZAF_2_DC39","Ruth Segomotsi Mompati DM","ZAF_1_NW",6,55,24.3415771844622,-26.69162
2,"District","ZAF_2_DC40","Dr K Kaunda DM","ZAF_1_NW",6,56,26.4472035951866,-26.884435
2,"District","ZAF_2_TSH","Tshwane MM","ZAF_1_GT",7,57,28.3038099910443,-25.59461275
2,"District","ZAF_2_DC1","West Coast DM","ZAF_1_WC",1,58,18.881758137434,-32.057955
2,"District","ZAF_2_DC2","Cape Winelands DM","ZAF_1_WC",1,59,19.6159040878944,-33.15101
2,"District","ZAF_2_DC3","Overberg DM","ZAF_1_WC",1,60,19.773112711174,-34.228435
2,"District","ZAF_2_DC4","Garden Route DM","ZAF_1_WC",1,61,22.3123399356049,-33.878005
2,"District","ZAF_2_DC5","Central Karoo DM","ZAF_1_WC",1,62,22.2235291441919,-32.557275
